{
"Network": {
	"Layer 0": {
		"neuron 0": {
			"w": [-0.529605,1.14012,-0.0910381,-0.406727],
			"b":0.581601
		},
		"neuron 1": {
			"w": [-1.1507,0.830765,0.207063,0.390498],
			"b":0.277264
		},
		"neuron 2": {
			"w": [0.628857,1.42598,-0.494004,-0.440648],
			"b":0.0183367
		},
		"neuron 3": {
			"w": [-0.27003,0.869913,0.628785,-0.687844],
			"b":-0.242704
		},
		"neuron 4": {
			"w": [-1.23935,0.883393,-0.0376408,-0.529604],
			"b":0.140117
		},
		"neuron 5": {
			"w": [-0.660373,-0.91331,-0.10945,0.417346],
			"b":-0.241103
		},
		"neuron 6": {
			"w": [-1.18379,0.96588,0.513608,0.516656],
			"b":-0.381874
		},
		"neuron 7": {
			"w": [0.246575,0.271942,1.0255,-0.465057],
			"b":-0.237175
		},
		"neuron 8": {
			"w": [0.853937,0.163232,-0.683557,-0.247697],
			"b":-0.246642
		},
		"neuron 9": {
			"w": [0.226864,-0.251287,0.940914,0.171263],
			"b":-0.543173
		},
		"neuron 10": {
			"w": [-0.678072,0.23931,-1.80577,1.22849],
			"b":0.578995
		},
		"neuron 11": {
			"w": [0.309774,0.849751,-0.983644,0.0119345],
			"b":0.00958788
		},
		"neuron 12": {
			"w": [-0.858143,0.37672,-0.222344,0.26968],
			"b":-0.392931
		},
		"neuron 13": {
			"w": [-1.18952,-0.653329,1.72869,0.0822015],
			"b":-0.298689
		},
		"neuron 14": {
			"w": [-0.574869,0.74452,-0.0629989,-1.13272],
			"b":-0.186458
		},
		"neuron 15": {
			"w": [0.152768,1.13365,-0.145739,-1.14527],
			"b":-0.0840123
		},
		"neuron 16": {
			"w": [0.0499393,-0.777216,-0.232577,0.0288864],
			"b":0.374998
		},
		"neuron 17": {
			"w": [-0.165262,-0.0894515,-0.571696,0.399831],
			"b":-0.067361
		},
		"neuron 18": {
			"w": [-0.453322,-0.533235,-2.84947,-0.490903],
			"b":1.45518
		},
		"neuron 19": {
			"w": [0.994296,0.211202,0.534299,-0.196801],
			"b":-0.344572
		},
		"neuron 20": {
			"w": [-0.39153,-0.882816,-0.951794,-0.436234],
			"b":0.475664
		},
		"neuron 21": {
			"w": [-0.500228,-0.864744,0.183582,0.243798],
			"b":-0.431722
		},
		"neuron 22": {
			"w": [-0.205238,0.785657,-0.367705,-0.499853],
			"b":0.254355
		},
		"neuron 23": {
			"w": [-1.45543,0.000888436,-0.125979,-0.394199],
			"b":0.664279
		},
		"neuron 24": {
			"w": [-0.0806245,1.1021,0.0929425,0.442193],
			"b":-0.650465
		},
		"neuron 25": {
			"w": [-0.547563,0.536532,1.36439,0.397574],
			"b":-0.37164
		},
		"neuron 26": {
			"w": [0.464444,0.0512854,-0.131065,0.107107],
			"b":0.880474
		},
		"neuron 27": {
			"w": [0.00254055,0.146354,-0.153278,-0.378778],
			"b":-0.589925
		},
		"neuron 28": {
			"w": [0.603896,-0.358335,-1.30952,-0.0137351],
			"b":0.317976
		},
		"neuron 29": {
			"w": [-0.0710674,-0.493249,0.152449,-0.432945],
			"b":0.148002
		},
		"neuron 30": {
			"w": [-0.904837,-0.10108,0.861624,0.885956],
			"b":0.0702375
		},
		"neuron 31": {
			"w": [0.238381,1.281,0.327752,0.223413],
			"b":-0.776441
		}
	},
	"Layer 1": {
		"neuron 0": {
			"w": [-0.485039,-0.556635,0.912467,-0.469011,-0.854579,-0.0879549,-0.716683,0.276292,0.418274,-3.06475e-05,-0.131894,0.529333,-0.446201,-0.588379,-0.10548,0.353259,-0.128223,0.238406,-0.446538,0.593261,-0.132944,-0.20403,0.0135577,-1.04798,-0.35972,-0.43974,0.609242,0.0687835,0.0437087,0.0436168,-0.141226,0.233133],
			"b":-0.124124
		},
		"neuron 1": {
			"w": [-0.394572,-0.177068,-0.00702276,-0.186918,-0.247123,-0.0313177,0.0927668,-0.0994874,-0.0656369,-0.0183213,-0.200395,0.00102393,-0.254646,-0.239091,-0.102299,-0.117801,-0.162637,0.195058,0.204556,-0.307894,0.0146591,-0.056225,-0.00436778,-0.405558,-0.456461,-0.396337,0.255459,-0.120117,-0.0480164,-0.171832,-0.165951,0.0706566],
			"b":-0.234824
		},
		"neuron 2": {
			"w": [-0.538532,-0.749137,-0.371866,0.0130045,-0.620328,-0.159876,-0.225979,0.574217,0.779915,0.526436,-0.302764,-0.0145847,-0.332254,0.121477,-0.377428,-0.0593434,0.34058,-0.227843,-0.107543,0.171044,0.435281,0.235582,-0.133811,-0.177665,-0.504779,-0.260855,0.324265,0.19631,0.121806,0.127602,-0.023188,-0.17708],
			"b":0.214973
		},
		"neuron 3": {
			"w": [-0.314438,-0.467483,0.0615408,-0.325795,-0.265393,-0.241224,-0.258147,0.225001,0.308911,0.273147,-0.273797,0.00561752,-0.293523,-0.50284,0.0386907,-0.100153,0.16797,0.213616,0.0858887,0.500521,0.146072,-0.140326,-0.265602,0.029785,-0.221841,-0.28892,0.5459,-0.109899,0.300739,-0.0479902,-0.159835,-0.506977],
			"b":-0.0864681
		},
		"neuron 4": {
			"w": [-0.357596,-0.253529,-0.308381,0.0314193,0.077457,-0.152535,-0.0282935,-0.342381,-0.143305,-0.10894,-0.379182,-0.341085,-0.0813232,-0.00634214,-0.215945,0.0637719,-0.105335,-0.101781,-0.154946,-0.0842965,0.201827,-0.224145,-0.359287,-0.200951,-0.0769146,-0.118262,-0.304995,-0.448239,-0.386867,0.0725784,-0.413442,0.00137722],
			"b":0.0291757
		},
		"neuron 5": {
			"w": [-0.289135,-0.224967,-0.724466,-0.228629,-0.368525,0.63799,0.0844219,-0.320558,-0.147875,0.0729848,0.0257308,-0.262142,-0.314317,-0.0889557,-0.314466,-0.738641,0.169497,0.36367,-0.092025,-0.524313,0.707457,0.242843,-0.271472,0.523662,-0.381685,-0.391446,-0.312128,-0.0723305,0.149153,0.175003,0.0893778,-0.253366],
			"b":0.0384389
		},
		"neuron 6": {
			"w": [-0.223091,-0.551507,-0.0359849,-0.135471,-0.333547,0.162852,-0.311704,-0.173082,0.0532656,-0.152657,-0.579698,-0.232027,-0.138798,-0.0353193,-0.263307,-0.150936,-0.170155,-0.0897493,0.159458,0.0816635,0.114088,-0.0182496,-0.414648,-0.426395,-0.0359351,-0.153509,-0.21722,-0.0401449,0.248887,-0.113856,-0.0585787,-0.26037],
			"b":-0.287499
		},
		"neuron 7": {
			"w": [-0.541275,-0.289208,0.413339,-0.493804,-0.573961,-0.155761,-0.371331,-0.693053,-0.255772,-0.229075,0.374427,0.652441,-0.466088,-0.983346,-0.0526206,0.0500642,-0.3061,-0.0161331,0.137713,0.236212,-0.31965,-0.698713,0.0229319,-0.742686,-0.0402262,-0.714804,0.181477,-0.0383238,0.200162,-0.248614,-0.620712,0.0793493],
			"b":-0.289139
		},
		"neuron 8": {
			"w": [-0.568136,-0.646154,1.21057,-0.487831,-0.2271,-0.46814,-0.843362,-0.533371,0.0355009,-0.637328,0.0514209,1.1321,-0.566693,-1.2063,-0.0520883,0.663818,-0.411011,-0.113924,-0.456472,0.436611,-0.959742,-0.681592,0.00408,-1.41095,-0.15651,-0.340388,0.42431,0.134756,-0.103649,-0.54892,-0.503807,0.755008],
			"b":-0.146713
		},
		"neuron 9": {
			"w": [0.000990236,0.0738641,-0.104286,0.066164,0.117747,0.287775,0.09883,-0.351142,0.21228,0.262537,0.244912,0.0249243,-0.511875,-0.276684,0.0671701,-0.0296121,0.503356,0.200106,0.566888,-0.498376,0.313757,0.132595,0.062219,0.458308,-0.104371,-0.127571,0.0792089,0.421833,0.378089,-0.278454,0.00284225,0.00848758],
			"b":0.138369
		},
		"neuron 10": {
			"w": [0.148393,-0.454368,-0.157943,0.429863,-0.109845,-0.78488,-0.451431,1.27145,0.0888079,0.0840643,-0.812662,-0.443508,0.284844,0.69209,-0.222981,0.184249,-0.686507,-0.423483,-1.07132,0.541455,-0.312202,-0.741489,-0.0966392,-0.944045,0.560964,0.637372,-0.324533,-0.191686,-1.0187,-0.617621,0.144683,0.365983],
			"b":0.134293
		},
		"neuron 11": {
			"w": [-0.169274,-0.148833,-0.0636803,0.0122355,-0.411057,0.0545857,-0.194781,0.0284737,0.0698378,0.120432,-0.169465,-0.178667,-0.0896129,-0.295967,-0.133847,-0.25089,0.227285,-0.258469,-0.0632917,0.177635,0.0700947,0.101064,-0.0499054,-0.201776,-0.154363,-0.301095,-0.303528,-0.062996,-0.177939,0.109379,-0.0176646,-0.276107],
			"b":-0.26077
		},
		"neuron 12": {
			"w": [-0.0984611,-0.505524,0.120194,-0.183734,-0.467962,0.0312457,0.0298085,-0.212648,-0.521449,-0.123424,-0.323176,-0.161125,-0.142959,-0.144152,-0.542958,-0.292134,-0.360192,-0.0248539,-0.470703,0.00982025,-0.359384,-0.182809,-0.0887587,-0.388677,0.136031,-0.0725878,-0.117015,0.113259,-0.161074,-0.198482,-0.178327,0.0463642],
			"b":-0.456744
		},
		"neuron 13": {
			"w": [-0.0633289,0.290312,-0.983879,0.135297,0.0395619,0.362976,0.278943,0.0683744,0.274622,0.43072,-0.476374,-0.690293,-0.0242314,0.814955,-0.0370255,-0.521069,0.758926,0.425611,0.128062,-0.478708,1.06503,0.829382,-0.141846,1.19361,-0.195543,0.424165,-0.147306,-0.266766,0.69018,0.496825,0.36875,-0.544907],
			"b":0.58752
		},